Include/cpython/abstract.h	_PyVectorcall_NARGS
Include/cpython/abstract.h	PyObject_CallMethodOneArg
Include/cpython/bytesobject.h	PyBytes_AS_STRING
Include/cpython/bytesobject.h	PyBytes_GET_SIZE
Include/cpython/cellobject.h	PyCell_GET
Include/cpython/cellobject.h	PyCell_SET
Include/cpython/code.h	PyCode_GetFirstFree
Include/cpython/dictobject.h	PyDict_GET_SIZE
Include/cpython/floatobject.h	PyFloat_AS_DOUBLE
Include/cpython/funcobject.h	PyFunction_GET_CODE
Include/cpython/funcobject.h	PyFunction_GET_GLOBALS
Include/cpython/listobject.h	PyList_GET_SIZE
Include/cpython/listobject.h	PyList_SET_ITEM
Include/cpython/longintrepr.h	_PyLong_IsCompact
Include/cpython/longintrepr.h	_PyLong_CompactValue
Include/cpython/methodobject.h	PyCFunction_GET_FUNCTION
Include/cpython/methodobject.h	PyCFunction_GET_SELF
Include/cpython/methodobject.h	PyCFunction_GET_FLAGS
Include/cpython/tupleobject.h	PyTuple_GET_SIZE
Include/cpython/tupleobject.h	PyTuple_SET_ITEM
Include/cpython/unicodeobject.h	PyUnicode_IS_ASCII
Include/cpython/unicodeobject.h	PyUnicode_IS_COMPACT
Include/cpython/unicodeobject.h	PyUnicode_IS_COMPACT_ASCII
Include/cpython/unicodeobject.h	_PyUnicode_COMPACT_DATA
Include/cpython/unicodeobject.h	_PyUnicode_NONCOMPACT_DATA
Include/cpython/unicodeobject.h	PyUnicode_DATA
Include/cpython/unicodeobject.h	PyUnicode_GET_LENGTH
Include/cpython/unicodeobject.h	PyUnicode_READ_CHAR
Include/cpython/unicodeobject.h	PyUnicode_READY
Include/internal/pycore_bitutils.h	_Py_popcount32
Include/internal/pycore_bitutils.h	_Py_bit_length
Include/internal/pycore_call.h	_PyVectorcall_FunctionInline
Include/internal/pycore_call.h	_PyObject_VectorcallTstate
Include/internal/pycore_call.h	_PyObject_CallNoArgs
Include/internal/pycore_ceval.h	_Py_MakeRecCheck
Include/internal/pycore_ceval.h	_Py_EnterRecursiveCallTstate
Include/internal/pycore_ceval.h	_Py_LeaveRecursiveCallTstate
Include/internal/pycore_code.h	_PyLocals_GetKind
Include/internal/pycore_code.h	write_u32
Include/internal/pycore_code.h	write_obj
Include/internal/pycore_code.h	read_u16
Include/internal/pycore_code.h	read_u32
Include/internal/pycore_code.h	read_obj
Include/internal/pycore_code.h	parse_varint
Include/internal/pycore_code.h	adaptive_counter_bits
Include/internal/pycore_code.h	adaptive_counter_warmup
Include/internal/pycore_code.h	adaptive_counter_cooldown
Include/internal/pycore_code.h	adaptive_counter_backoff
Include/internal/pycore_dict.h	_DK_ENTRIES
Include/internal/pycore_dict.h	DK_ENTRIES
Include/internal/pycore_dict.h	DK_UNICODE_ENTRIES
Include/internal/pycore_dict.h	_PyDict_NotifyEvent
Include/internal/pycore_dict.h	_PyDictValues_AddToInsertionOrder
Include/internal/pycore_frame.h	_PyFrame_Stackbase
Include/internal/pycore_frame.h	_PyFrame_StackPeek
Include/internal/pycore_frame.h	_PyFrame_StackPush
Include/internal/pycore_frame.h	_PyFrame_NumSlotsForCodeObject
Include/internal/pycore_frame.h	_PyFrame_Initialize
Include/internal/pycore_frame.h	_PyFrame_GetLocalsArray
Include/internal/pycore_frame.h	_PyFrame_GetStackPointer
Include/internal/pycore_frame.h	_PyFrame_SetStackPointer
Include/internal/pycore_frame.h	_PyFrame_IsIncomplete
Include/internal/pycore_frame.h	_PyFrame_GetFirstComplete
Include/internal/pycore_frame.h	_PyFrame_GetFrameObject
Include/internal/pycore_frame.h	_PyThreadState_HasStackSpace
Include/internal/pycore_frame.h	_PyFrame_PushUnchecked
Include/internal/pycore_frame.h	_PyFrame_GetGenerator
Include/internal/pycore_gc.h	_Py_AS_GC
Include/internal/pycore_gc.h	_PyObject_GC_IS_TRACKED
Include/internal/pycore_gc.h	_PyObject_GC_MAY_BE_TRACKED
Include/internal/pycore_gc.h	_PyGCHead_NEXT
Include/internal/pycore_gc.h	_PyGCHead_SET_NEXT
Include/internal/pycore_gc.h	_PyGCHead_PREV
Include/internal/pycore_gc.h	_PyGCHead_SET_PREV
Include/internal/pycore_gc.h	_PyGCHead_FINALIZED
Include/internal/pycore_gc.h	_PyGCHead_SET_FINALIZED
Include/internal/pycore_list.h	_PyList_AppendTakeRef
Include/internal/pycore_long.h	_PyLong_IsNonNegativeCompact
Include/internal/pycore_long.h	_PyLong_BothAreCompact
Include/internal/pycore_long.h	_PyLong_IsNegative
Include/internal/pycore_long.h	_PyLong_DigitCount
Include/internal/pycore_long.h	_PyLong_SameSign
Include/internal/pycore_long.h	_PyLong_SetSignAndDigitCount
Include/internal/pycore_long.h	_PyLong_SetDigitCount
Include/internal/pycore_long.h	_PyLong_FlipSign
Include/internal/pycore_object.h	_Py_SetImmortal
Include/internal/pycore_object.h	_Py_DECREF_SPECIALIZED
Include/internal/pycore_object.h	_Py_DECREF_NO_DEALLOC
Include/internal/pycore_object.h	_PyType_HasFeature
Include/internal/pycore_object.h	_PyObject_Init
Include/internal/pycore_object.h	_PyObject_GC_TRACK
Include/internal/pycore_object.h	_PyObject_GC_UNTRACK
Include/internal/pycore_object.h	_PyObject_GET_WEAKREFS_LISTPTR_FROM_OFFSET
Include/internal/pycore_object.h	_PyObject_IS_GC
Include/internal/pycore_object.h	_PyType_SUPPORTS_WEAKREFS
Include/internal/pycore_object.h	_PyObject_DictOrValuesPointer
Include/internal/pycore_object.h	_PyDictOrValues_IsValues
Include/internal/pycore_object.h	_PyDictOrValues_GetValues
Include/internal/pycore_object.h	_PyDictOrValues_GetDict
Include/internal/pycore_opcode.h	_PyOpcode_Caches
Include/internal/pycore_opcode.h	_PyOpcode_Deopt
Include/internal/pycore_pyerrors.h	_PyErr_Occurred
Include/internal/pycore_pystate.h	_Py_IsMainThread
Include/internal/pycore_pystate.h	_PyInterpreterState_Main
Include/internal/pycore_pystate.h	_Py_IsMainInterpreter
Include/internal/pycore_pystate.h	_Py_ThreadCanHandleSignals
Include/internal/pycore_pystate.h	_PyThreadState_GET
Include/internal/pycore_pystate.h	_Py_EnsureFuncTstateNotNULL
Include/internal/pycore_pystate.h	_PyInterpreterState_GET
Include/internal/pycore_typeobject.h	_PyType_IsReady
Include/object.h	Py_REFCNT
Include/object.h	Py_TYPE
Include/object.h	Py_SIZE
Include/object.h	_Py_IsImmortal
Include/object.h	Py_IS_TYPE
Include/object.h	Py_SET_REFCNT
Include/object.h	Py_SET_TYPE
Include/object.h	Py_SET_SIZE
Include/object.h	PyObject_TypeCheck
Include/object.h	Py_INCREF
Include/object.h	Py_DECREF
Include/object.h	Py_XINCREF
Include/object.h	Py_XDECREF
Include/object.h	_Py_NewRef
Include/object.h	_Py_XNewRef
Include/object.h	PyType_HasFeature
Include/object.h	PyType_Check
Include/object.h	PyType_CheckExact
Include/pydtrace.h	PyDTrace_GC_START
Include/pydtrace.h	PyDTrace_GC_DONE
Include/pydtrace.h	PyDTrace_GC_START_ENABLED
Include/pydtrace.h	PyDTrace_GC_DONE_ENABLED
Modules/gcmodule.c	gc_is_collecting
Modules/gcmodule.c	gc_clear_collecting
Modules/gcmodule.c	gc_get_refs
Modules/gcmodule.c	gc_set_refs
Modules/gcmodule.c	gc_reset_refs
Modules/gcmodule.c	gc_decref
Modules/gcmodule.c	get_gc_state
Modules/gcmodule.c	gc_list_init
Modules/gcmodule.c	gc_list_is_empty
Modules/gcmodule.c	gc_list_append
Modules/gcmodule.c	gc_list_move
Modules/gcmodule.c	gc_list_merge
Modules/gcmodule.c	gc_list_size
Modules/gcmodule.c	gc_list_clear_collecting
Modules/gcmodule.c	update_refs
Modules/gcmodule.c	visit_decref
Modules/gcmodule.c	subtract_refs
Modules/gcmodule.c	visit_reachable
Modules/gcmodule.c	move_unreachable
Modules/gcmodule.c	untrack_tuples
Modules/gcmodule.c	untrack_dicts
Modules/gcmodule.c	has_legacy_finalizer
Modules/gcmodule.c	move_legacy_finalizers
Modules/gcmodule.c	clear_unreachable_mask
Modules/gcmodule.c	visit_move
Modules/gcmodule.c	move_legacy_finalizer_reachable
Modules/gcmodule.c	handle_weakrefs
Modules/gcmodule.c	debug_cycle
Modules/gcmodule.c	handle_legacy_finalizers
Modules/gcmodule.c	finalize_garbage
Modules/gcmodule.c	delete_garbage
Modules/gcmodule.c	clear_freelists
Modules/gcmodule.c	show_stats_each_generations
Modules/gcmodule.c	deduce_unreachable
Modules/gcmodule.c	handle_resurrected_objects
Modules/gcmodule.c	gc_collect_main
Modules/gcmodule.c	invoke_gc_callback
Modules/gcmodule.c	gc_collect_with_callback
Modules/gcmodule.c	gc_collect_generations
Modules/gcmodule.c	_Py_RunGC
Objects/abstract.c	_PyNumber_PowerNoMod
Objects/abstract.c	_PyNumber_InPlacePowerNoMod
Objects/call.c	_PyStack_UnpackDict
Objects/call.c	_PyStack_UnpackDict_Free
Objects/call.c	_PyStack_UnpackDict_FreeNoDecRef
Objects/clinic/typevarobject.c.h	typealias_reduce__doc__
Objects/clinic/typevarobject.c.h	typealias_reduce
Objects/clinic/typevarobject.c.h	typealias_new
Objects/codeobject.c	_PyLineTable_InitAddressRange
Objects/codeobject.c	_PyCode_InitAddressRange
Objects/dictobject.c	get_dict_state
Objects/dictobject.c	_PyDict_ClearFreeList
Objects/dictobject.c	unicode_get_hash
Objects/dictobject.c	dictkeys_decref
Objects/dictobject.c	dictkeys_get_index
Objects/dictobject.c	dictkeys_set_index
Objects/dictobject.c	calculate_log2_keysize
Objects/dictobject.c	estimate_log2_keysize
Objects/dictobject.c	empty_keys_struct
Objects/dictobject.c	get_index_from_order
Objects/dictobject.c	new_keys_object
Objects/dictobject.c	free_keys_object
Objects/dictobject.c	free_values
Objects/dictobject.c	new_dict
Objects/dictobject.c	unicodekeys_lookup_generic
Objects/dictobject.c	unicodekeys_lookup_unicode
Objects/dictobject.c	dictkeys_generic_lookup
Objects/dictobject.c	_PyDictKeys_StringLookup
Objects/dictobject.c	_Py_dict_lookup
Objects/dictobject.c	find_empty_slot
Objects/dictobject.c	insertion_resize
Objects/dictobject.c	insertdict
Objects/dictobject.c	insert_to_emptydict
Objects/dictobject.c	build_indices_generic
Objects/dictobject.c	build_indices_unicode
Objects/dictobject.c	dictresize
Objects/dictobject.c	dict_new_presized
Objects/dictobject.c	_PyDict_FromItems
Objects/dictobject.c	_PyDict_LookupIndex
Objects/dictobject.c	_PyDict_LoadGlobal
Objects/dictobject.c	_PyDict_SetItem_Take2
Objects/dictobject.c	_PyDictKeys_GetVersionForCurrentState
Objects/dictobject.c	dict_event_name
Objects/dictobject.c	_PyDict_SendEvent
Objects/floatobject.c	get_float_state
Objects/floatobject.c	_PyFloat_ExactDealloc
Objects/floatobject.c	_PyFloat_ClearFreeList
Objects/frameobject.c	_PyFrame_New_NoTrack
Objects/frameobject.c	_PyFrame_OpAlreadyRan
Objects/frameobject.c	frame_init_get_vars
Objects/frameobject.c	frame_get_var
Objects/frameobject.c	_PyFrame_GetLocals
Objects/frameobject.c	_PyFrame_FastToLocalsWithError
Objects/frameobject.c	_PyFrame_LocalsToFast
Objects/funcobject.c	_PyFunction_GetVersionForCurrentState
Objects/funcobject.c	_Py_set_function_type_params
Objects/genericaliasobject.c	tuple_index
Objects/genericaliasobject.c	tuple_add
Objects/genericaliasobject.c	tuple_extend
Objects/genericaliasobject.c	_Py_make_parameters
Objects/genericaliasobject.c	subs_tvars
Objects/genericaliasobject.c	_is_unpacked_typevartuple
Objects/genericaliasobject.c	_unpacked_tuple_args
Objects/genericaliasobject.c	_unpack_args
Objects/genericaliasobject.c	_Py_subs_parameters
Objects/genobject.c	_PyGen_GetCode
Objects/genobject.c	is_resume
Objects/genobject.c	_PyGen_yf
Objects/genobject.c	make_gen
Objects/genobject.c	_Py_MakeCoro
Objects/genobject.c	gen_is_coroutine
Objects/genobject.c	_PyCoro_GetAwaitableIter
Objects/genobject.c	compute_cr_origin
Objects/genobject.c	_PyAsyncGen_ClearFreeLists
Objects/genobject.c	_PyAsyncGenValueWrapperNew
Objects/listobject.c	list_resize
Objects/listobject.c	_PyList_ClearFreeList
Objects/listobject.c	_PyList_AppendTakeRefListResize
Objects/listobject.c	_PyList_FromArraySteal
Objects/longobject.c	_Py_DECREF_INT
Objects/longobject.c	is_medium_int
Objects/longobject.c	get_small_int
Objects/longobject.c	maybe_small_long
Objects/longobject.c	long_normalize
Objects/longobject.c	_PyLong_FromMedium
Objects/longobject.c	_PyLong_FromLarge
Objects/longobject.c	_PyLong_FromSTwoDigits
Objects/longobject.c	_PyLong_Negate
Objects/longobject.c	v_iadd
Objects/longobject.c	v_isub
Objects/longobject.c	x_add
Objects/longobject.c	x_sub
Objects/longobject.c	_PyLong_Add
Objects/longobject.c	_PyLong_Subtract
Objects/longobject.c	x_mul
Objects/longobject.c	kmul_split
Objects/longobject.c	k_mul
Objects/longobject.c	k_lopsided_mul
Objects/longobject.c	_PyLong_Multiply
Objects/obmalloc.c	_PyObject_VirtualAlloc
Objects/obmalloc.c	_PyObject_VirtualFree
Objects/sliceobject.c	_PyBuildSlice_Consume2
Objects/sliceobject.c	_PyBuildSlice_ConsumeRefs
Objects/stringlib/eq.h	unicode_eq
Objects/tupleobject.c	tuple_alloc
Objects/tupleobject.c	tuple_get_empty
Objects/tupleobject.c	_PyTuple_FromArray
Objects/tupleobject.c	_PyTuple_FromArraySteal
Objects/tupleobject.c	_PyTuple_ClearFreeList
Objects/tupleobject.c	maybe_freelist_pop
Objects/tupleobject.c	maybe_freelist_clear
Objects/typeobject.c	static_builtin_index_get
Objects/typeobject.c	static_builtin_state_get
Objects/typeobject.c	_PyStaticType_GetState
Objects/typeobject.c	lookup_tp_dict
Objects/typeobject.c	lookup_tp_mro
Objects/typeobject.c	lookup_maybe_method
Objects/typeobject.c	lookup_method
Objects/typeobject.c	vectorcall_unbound
Objects/typeobject.c	vectorcall_method
Objects/typeobject.c	_Py_slot_tp_getattro
Objects/typeobject.c	call_attribute
Objects/typeobject.c	_Py_slot_tp_getattr_hook
Objects/typeobject.c	_super_lookup_descr
Objects/typeobject.c	do_super_lookup
Objects/typeobject.c	supercheck
Objects/typeobject.c	_PySuper_Lookup
Objects/typevarobject.c	call_typing_func_object
Objects/typevarobject.c	caller
Objects/typevarobject.c	typevartuple_unpack
Objects/typevarobject.c	contains_typevartuple
Objects/typevarobject.c	unpack_typevartuples
Objects/typevarobject.c	typevar_alloc
Objects/typevarobject.c	paramspec_alloc
Objects/typevarobject.c	typevartuple_alloc
Objects/typevarobject.c	_Py_make_typevar
Objects/typevarobject.c	_Py_make_paramspec
Objects/typevarobject.c	_Py_make_typevartuple
Objects/typevarobject.c	typealias_dealloc
Objects/typevarobject.c	typealias_get_value
Objects/typevarobject.c	typealias_repr
Objects/typevarobject.c	typealias_members
Objects/typevarobject.c	typealias_value
Objects/typevarobject.c	typealias_parameters
Objects/typevarobject.c	typealias_type_params
Objects/typevarobject.c	typealias_module
Objects/typevarobject.c	typealias_getset
Objects/typevarobject.c	typealias_alloc
Objects/typevarobject.c	typealias_traverse
Objects/typevarobject.c	typealias_clear
Objects/typevarobject.c	typealias_reduce_impl
Objects/typevarobject.c	typealias_subscript
Objects/typevarobject.c	typealias_methods
Objects/typevarobject.c	typealias_new_impl
Objects/typevarobject.c	typealias_doc
Objects/typevarobject.c	typealias_as_number
Objects/typevarobject.c	typealias_as_mapping
Objects/typevarobject.c	_PyTypeAlias_Type
Objects/typevarobject.c	_Py_make_typealias
Objects/typevarobject.c	_Py_subscript_generic
Objects/unicodeobject.c	get_interned_dict
Objects/unicodeobject.c	unicode_dealloc
Objects/unicodeobject.c	_PyUnicode_ExactDealloc
Objects/unionobject.c	unionobject_dealloc
Objects/unionobject.c	union_traverse
Objects/unionobject.c	union_hash
Objects/unionobject.c	union_richcompare
Objects/unionobject.c	is_same
Objects/unionobject.c	contains
Objects/unionobject.c	merge
Objects/unionobject.c	get_types
Objects/unionobject.c	is_unionable
Objects/unionobject.c	_Py_union_type_or
Objects/unionobject.c	union_repr_item
Objects/unionobject.c	union_repr
Objects/unionobject.c	union_members
Objects/unionobject.c	union_getitem
Objects/unionobject.c	union_as_mapping
Objects/unionobject.c	union_parameters
Objects/unionobject.c	union_properties
Objects/unionobject.c	union_as_number
Objects/unionobject.c	cls_attrs
Objects/unionobject.c	union_getattro
Objects/unionobject.c	_PyUnion_Type
Objects/unionobject.c	make_union
Python/ceval.c	binary_ops
Python/ceval.c	match_keys
Python/ceval.c	match_class_attr
Python/ceval.c	match_class
Python/ceval.c	_Py_CheckRecursiveCallPy
Python/ceval.c	_Py_EnterRecursivePy
Python/ceval.c	_Py_LeaveRecursiveCallPy
Python/ceval.c	_PyEval_EvalFrameDefault
Python/ceval.c	format_missing
Python/ceval.c	missing_arguments
Python/ceval.c	too_many_positional
Python/ceval.c	positional_only_passed_as_keyword
Python/ceval.c	scan_back_to_entry_start
Python/ceval.c	skip_to_next_entry
Python/ceval.c	get_exception_handler
Python/ceval.c	initialize_locals
Python/ceval.c	clear_thread_frame
Python/ceval.c	clear_gen_frame
Python/ceval.c	_PyEvalFrameClearAndPop
Python/ceval.c	_PyEvalFramePushAndInit
Python/ceval.c	_PyEvalFramePushAndInit_Ex
Python/ceval.c	do_raise
Python/ceval.c	exception_group_match
Python/ceval.c	unpack_iterable
Python/ceval.c	do_monitor_exc
Python/ceval.c	no_tools_for_global_event
Python/ceval.c	no_tools_for_local_event
Python/ceval.c	monitor_raise
Python/ceval.c	monitor_reraise
Python/ceval.c	monitor_stop_iteration
Python/ceval.c	monitor_unwind
Python/ceval.c	monitor_handled
Python/ceval.c	monitor_throw
Python/ceval.c	import_name
Python/ceval.c	import_from
Python/ceval.c	check_except_type_valid
Python/ceval.c	check_except_star_type_valid
Python/ceval.c	check_args_iterable
Python/ceval.c	format_kwargs_error
Python/ceval.c	format_exc_check_arg
Python/ceval.c	format_exc_unbound
Python/ceval.c	format_awaitable_error
Python/ceval_gil.c	COMPUTE_EVAL_BREAKER
Python/ceval_gil.c	SIGNAL_PENDING_CALLS
Python/ceval_gil.c	UNSIGNAL_PENDING_CALLS
Python/ceval_gil.c	SIGNAL_PENDING_SIGNALS
Python/ceval_gil.c	UNSIGNAL_PENDING_SIGNALS
Python/ceval_gil.c	UNSIGNAL_ASYNC_EXC
Python/ceval_gil.c	_next_pending_call
Python/ceval_gil.c	_pop_pending_call
Python/ceval_gil.c	handle_signals
Python/ceval_gil.c	maybe_has_pending_calls
Python/ceval_gil.c	_make_pending_calls
Python/ceval_gil.c	make_pending_calls
Python/ceval_gil.c	_Py_HandlePending
Python/context.c	_PyContext_ClearFreeList
Python/errors.c	_PyErr_SetRaisedException
Python/errors.c	_PyErr_GetRaisedException
Python/errors.c	_PyErr_SetImportErrorSubclassWithNameFrom
Python/errors.c	_PyErr_SetImportErrorWithNameFrom
Python/frame.c	_PyFrame_MakeAndSetFrameObject
Python/frame.c	_PyFrame_Copy
Python/frame.c	take_ownership
Python/frame.c	_PyFrame_ClearExceptCode
Python/import.c	_PyImport_IsDefaultImportFunc
Python/instrumentation.c	_PyInstrumentation_DISABLE
Python/instrumentation.c	_PyInstrumentation_MISSING
Python/instrumentation.c	EVENT_FOR_OPCODE
Python/instrumentation.c	DE_INSTRUMENT
Python/instrumentation.c	INSTRUMENTED_OPCODES
Python/instrumentation.c	opcode_has_event
Python/instrumentation.c	is_instrumented
Python/instrumentation.c	monitors_sub
Python/instrumentation.c	local_union
Python/instrumentation.c	monitors_are_empty
Python/instrumentation.c	multiple_tools
Python/instrumentation.c	compute_line_delta
Python/instrumentation.c	compute_line
Python/instrumentation.c	instruction_length
Python/instrumentation.c	_Py_GetBaseOpcode
Python/instrumentation.c	de_instrument
Python/instrumentation.c	de_instrument_line
Python/instrumentation.c	de_instrument_per_instruction
Python/instrumentation.c	instrument
Python/instrumentation.c	instrument_line
Python/instrumentation.c	instrument_per_instruction
Python/instrumentation.c	remove_tools
Python/instrumentation.c	remove_line_tools
Python/instrumentation.c	add_tools
Python/instrumentation.c	add_line_tools
Python/instrumentation.c	add_per_instruction_tools
Python/instrumentation.c	remove_per_instruction_tools
Python/instrumentation.c	call_one_instrument
Python/instrumentation.c	MOST_SIGNIFICANT_BITS
Python/instrumentation.c	most_significant_bit
Python/instrumentation.c	is_version_up_to_date
Python/instrumentation.c	get_tools_for_instruction
Python/instrumentation.c	event_names
Python/instrumentation.c	call_instrumentation_vector
Python/instrumentation.c	_Py_call_instrumentation
Python/instrumentation.c	_Py_call_instrumentation_arg
Python/instrumentation.c	_Py_call_instrumentation_2args
Python/instrumentation.c	_Py_call_instrumentation_jump
Python/instrumentation.c	call_instrumentation_vector_protected
Python/instrumentation.c	_Py_call_instrumentation_exc2
Python/instrumentation.c	_Py_Instrumentation_GetLine
Python/instrumentation.c	_Py_call_instrumentation_line
Python/instrumentation.c	_Py_call_instrumentation_instruction
Python/instrumentation.c	initialize_tools
Python/instrumentation.c	initialize_lines
Python/instrumentation.c	initialize_line_tools
Python/instrumentation.c	allocate_instrumentation_data
Python/instrumentation.c	update_instrumentation_data
Python/instrumentation.c	super_instructions
Python/instrumentation.c	is_super_instruction
Python/instrumentation.c	_Py_Instrument
Python/intrinsics.c	no_intrinsic
Python/intrinsics.c	print_expr
Python/intrinsics.c	import_all_from
Python/intrinsics.c	import_star
Python/intrinsics.c	stopiteration_error
Python/intrinsics.c	unary_pos
Python/intrinsics.c	list_to_tuple
Python/intrinsics.c	make_typevar
Python/intrinsics.c	_PyIntrinsics_UnaryFunctions
Python/intrinsics.c	prep_reraise_star
Python/intrinsics.c	make_typevar_with_bound
Python/intrinsics.c	make_typevar_with_constraints
Python/intrinsics.c	_PyIntrinsics_BinaryFunctions
Python/pystate.c	allocate_chunk
Python/pystate.c	push_chunk
Python/pystate.c	_PyThreadState_PushFrame
Python/pystate.c	_PyThreadState_PopFrame
Python/specialize.c	specialize_module_load_attr
Python/specialize.c	_Py_Specialize_LoadSuperAttr
Python/specialize.c	analyze_descriptor
Python/specialize.c	specialize_dict_access
Python/specialize.c	_Py_Specialize_LoadAttr
Python/specialize.c	_Py_Specialize_StoreAttr
Python/specialize.c	specialize_class_load_attr
Python/specialize.c	specialize_attr_loadmethod
Python/specialize.c	_Py_Specialize_LoadGlobal
Python/specialize.c	function_kind
Python/specialize.c	function_check_args
Python/specialize.c	function_get_version
Python/specialize.c	type_get_version
Python/specialize.c	_Py_Specialize_BinarySubscr
Python/specialize.c	_Py_Specialize_StoreSubscr
Python/specialize.c	specialize_class_call
Python/specialize.c	specialize_method_descriptor
Python/specialize.c	specialize_py_call
Python/specialize.c	specialize_c_call
Python/specialize.c	_Py_Specialize_Call
Python/specialize.c	_Py_Specialize_BinaryOp
Python/specialize.c	_Py_Specialize_CompareOp
Python/specialize.c	_Py_Specialize_UnpackSequence
Python/specialize.c	_Py_Specialize_ForIter
Python/specialize.c	_Py_Specialize_Send
